BRANCH_CODE,BRANCH_NAME,BRANCH_STREET,BRANCH_CITY,BRANCH_STATE,BRANCH_ZIP,BRANCH_PHONE
6300,SBI_Brownsville,Heather Plaza,Brownsville,TX,78521,1800-200-2535
9526,SBI_Littleton,Noble Embers Ridge,Littleton,CO,80126,1800-500-7121
3422,SBI_Caguas_BPB,Blue Pioneer Bend,Caguas,PR,734,1800-300-7858
8300,SBI_San Marcos,Little Common,San Marcos,CA,92069,1800-700-6985
9527,SBI_Caguas_CRV,Crystal River Mall,Caguas,PR,729,1800-500-5485
3420,SBI_Passaic,Sleepy Quail Promenade,Passaic,NJ,7055,1800-300-8524
6301,SBI_Caguas_HC,High Concession,Caguas,PR,732,1800-200-5685
8301,SBI_Lawrence,Foggy Forest Plaza,Lawrence,MA,1841,1800-700-8925
9528,SBI_Caguas_QS,Quaking Street,Caguas,PR,727,1800-500-5425
3421,SBI_Stafford,Harvest Beacon Plaza,Stafford,VA,22554,1800-300-3758
6302,SBI_Caguas_SW,Stony Woods,Caguas,PR,731,1800-200-5685
3428,SBI_San Antonio,Jagged Embers By-pass,San Antonio,TX,78227,1800-300-1758
9529,SBI_Caguas_IOG,Iron Oak Gardens,Caguas,PR,730,1800-500-6325
3430,SBI_Pico Rivera,Hazy Pony Square,Pico Rivera,CA,90660,1800-300-6459
8302,SBI_Fontana,Burning Glen,Fontana,CA,92336,1800-700-7415
3431,SBI_Caguas_IP,Iron Port,Caguas,PR,728,1800-300-3472
9530,SBI_Taylor,Noble Pike,Taylor,MI,48180,1800-500-2578
8305,SBI_Martinez,Hazy Butterfly Circle,Martinez,CA,94553,1800-700-3692
6304,SBI_Caguas_RTB,Red Treasure Bay,Caguas,PR,725,1800-200-5876
9430,SBI_West New York,Old Route,West New York,NJ,7093,1800-500-4925
3425,SBI_Caguas_OWM,Old Willow Mall,Caguas,PR,726,1800-300-3742
